<application>
  <component name="ProjectJdkTable">
    <jdk version="2">
      <name value="Python 3.7" />
      <type value="Python SDK" />
      <version value="Python 3.7.0" />
      <homePath value="C:\Python\Continuum\anaconda3\python.exe" />
      <roots>
        <classPath>
          <root type="composite">
            <root url="file://C:/Python/Continuum/anaconda3/DLLs" type="simple" />
            <root url="file://C:/Python/Continuum/anaconda3/Lib" type="simple" />
            <root url="file://C:/Python/Continuum/anaconda3" type="simple" />
            <root url="file://C:/Python/Continuum/anaconda3/Lib/site-packages" type="simple" />
            <root url="file://C:/Python/Continuum/anaconda3/Lib/site-packages/win32" type="simple" />
            <root url="file://C:/Python/Continuum/anaconda3/Lib/site-packages/win32/lib" type="simple" />
            <root url="file://C:/Python/Continuum/anaconda3/Lib/site-packages/pythonwin" type="simple" />
            <root url="file://$USER_HOME$/.PyCharmCE2018.3/system/python_stubs/1721964219" type="simple" />
            <root url="file://$APPLICATION_HOME_DIR$/helpers/python-skeletons" type="simple" />
            <root url="file://$APPLICATION_HOME_DIR$/helpers/typeshed/stdlib/3" type="simple" />
            <root url="file://$APPLICATION_HOME_DIR$/helpers/typeshed/stdlib/2and3" type="simple" />
            <root url="file://$APPLICATION_HOME_DIR$/helpers/typeshed/third_party/3" type="simple" />
            <root url="file://$APPLICATION_HOME_DIR$/helpers/typeshed/third_party/2and3" type="simple" />
          </root>
        </classPath>
        <sourcePath>
          <root type="composite" />
        </sourcePath>
      </roots>
      <additional />
    </jdk>
    <jdk version="2">
      <name value="Python 3.7 (MarketAnalysis)" />
      <type value="Python SDK" />
      <version value="Python 3.7.1" />
      <homePath value="C:\Python\Continuum\anaconda3\envs\MarketAnalysis\python.exe" />
      <roots>
        <classPath>
          <root type="composite">
            <root url="file://C:/Python" type="simple" />
            <root url="file://C:/Python/Continuum/anaconda3/envs/MarketAnalysis/DLLs" type="simple" />
            <root url="file://C:/Python/Continuum/anaconda3/envs/MarketAnalysis/Lib" type="simple" />
            <root url="file://C:/Python/Continuum/anaconda3/envs/MarketAnalysis" type="simple" />
            <root url="file://C:/Python/Continuum/anaconda3/envs/MarketAnalysis/Lib/site-packages" type="simple" />
            <root url="file://$USER_HOME$/.PyCharmCE2018.3/system/python_stubs/1901809321" type="simple" />
            <root url="file://$APPLICATION_HOME_DIR$/helpers/python-skeletons" type="simple" />
            <root url="file://$APPLICATION_HOME_DIR$/helpers/typeshed/stdlib/3" type="simple" />
            <root url="file://$APPLICATION_HOME_DIR$/helpers/typeshed/stdlib/2and3" type="simple" />
            <root url="file://$APPLICATION_HOME_DIR$/helpers/typeshed/third_party/3" type="simple" />
            <root url="file://$APPLICATION_HOME_DIR$/helpers/typeshed/third_party/2and3" type="simple" />
          </root>
        </classPath>
        <sourcePath>
          <root type="composite" />
        </sourcePath>
      </roots>
      <additional ASSOCIATED_PROJECT_PATH="C:/Python/Projects/MarketAnalysis" />
    </jdk>
  </component>
</application>