<application>
  <component name="PyCodeInsightSettings">
    <option name="SHOW_IMPORT_POPUP" value="true" />
  </component>
  <component name="PyTestFrameworkService">
    <option name="SDK_TO_PYTEST">
      <map>
        <entry key="C:\Python\Continuum\anaconda3\envs\MarketAnalysis\python.exe" value="false" />
        <entry key="C:\Python\Continuum\anaconda3\python.exe" value="true" />
      </map>
    </option>
    <option name="SDK_TO_NOSETEST">
      <map>
        <entry key="C:\Python\Continuum\anaconda3\envs\MarketAnalysis\python.exe" value="false" />
      </map>
    </option>
    <option name="SDK_TO_TRIALTEST">
      <map>
        <entry key="C:\Python\Continuum\anaconda3\envs\MarketAnalysis\python.exe" value="false" />
      </map>
    </option>
  </component>
</application>